{
  "users": [
    {
      "id": 1,
      "email": "jacolpn@outlook.com",
      "password": "jacolpn"
    },
    {
      "id": 2,
      "email": "jackson@picpay.com",
      "password": "picpay"
    }
  ],
  "payments": [
    {
      "id": 1,
      "user": "Jackson Neves",
      "title": "Professor 1",
      "date": "2020-06-20",
      "value": 100,
      "paid": true
    },
    {
      "id": 2,
      "user": "João Andrade",
      "title": "Professor 2",
      "date": "2020-06-20",
      "value": 100,
      "paid": false
    },
    {
      "id": 3,
      "user": "Kleber Freitas",
      "title": "Professor 3",
      "date": "2020-06-20",
      "value": 100,
      "paid": true
    },
    {
      "user": "Kleber Freitas",
      "value": 100,
      "date": "2020-06-20",
      "title": "Professor 3",
      "id": 4
    },
    {
      "user": "Kleber Freitas",
      "value": 100,
      "date": "2020-06-20",
      "title": "Professor 3",
      "id": 5
    },
    {
      "user": "Kleber Freitas",
      "value": 100,
      "date": "2020-06-20",
      "title": "Professor 3",
      "id": 6
    },
    {
      "user": "Kleber Freitas",
      "value": 100.99,
      "date": "2020-06-20",
      "title": "Professor 3",
      "id": 7
    },
    {
      "user": "Kleber Freitas",
      "value": 100,
      "date": "2020-06-20",
      "title": "Professor 3",
      "id": 8
    },
    {
      "user": "Kleber Freitas",
      "value": 100,
      "date": "2020-06-20",
      "title": "Professor 3",
      "id": 9
    },
    {
      "user": "Kleber Freitas",
      "value": 100,
      "date": "2020-06-20",
      "title": "Professor 3",
      "id": 10
    },
    {
      "user": "Kleber Freitas",
      "value": 100,
      "date": "2020-06-20",
      "title": "Professor 3",
      "id": 11
    },
    {
      "user": "Jackson Neves",
      "value": 100.13,
      "date": "2020-06-20",
      "title": "Professor 1",
      "id": 12
    }
  ]
}